ticker,mvp_group,internal_sector,curation_status,company_name,trading_name,issuing_company,b3_sector,b3_subsector,b3_segment,industry_classification,activity,website,cnpj,code_cvm,legal_name,commercial_name,registration_status,days_traded,avg_daily_volume_brl,total_volume_brl,total_trades,liquidity_rank,found_in_b3,found_in_liquidity,found_in_cvm,mvp_order
ITUB4,Bancos e Financeiros,TODO,pending,ITAU UNIBANCO HOLDING S.A.,ITAUUNIBANCO,ITUB,Financeiro,Intermediários Financeiros,Bancos,Financeiro / Intermediários Financeiros / Bancos,A sociedade tem por objeto a atividade bancária em todas as modalidades autorizadas. inclusive a de operações de câmbio.,www.itau-unibanco.com.br/relacoes-com-investidores,60872504000123,19348,ITAÚ UNIBANCO HOLDING S.A.,ITAÚ UNIBANCO,ATIVO,110,1319017293.3818183,145091902272.0,4840962,4,True,True,True,1
BBDC4,Bancos e Financeiros,TODO,pending,BCO BRADESCO S.A.,BRADESCO,BBDC,Financeiro,Intermediários Financeiros,Bancos,Financeiro / Intermediários Financeiros / Bancos,Prática de operações bancárias em geral. inclusive câmbio,www.bradesco.com.br,60746948000112,906,BANCO BRADESCO S.A.,BANCO BRADESCO S.A.,ATIVO,110,669116144.209091,73602775863.0,3814840,7,True,True,True,2
BBAS3,Bancos e Financeiros,TODO,pending,BCO BRASIL S.A.,BRASIL,BBAS,Financeiro,Intermediários Financeiros,Bancos,Financeiro / Intermediários Financeiros / Bancos,Banco Múltiplo,www.bb.com.br,00000000000191,1023,BANCO DO BRASIL S.A.,BANCO DO BRASIL S.A.,ATIVO,110,666882467.8181819,73357071460.0,3756090,8,True,True,True,3
SANB11,Bancos e Financeiros,TODO,pending,BCO SANTANDER (BRASIL) S.A.,SANTANDER BR,SANB,Financeiro,Intermediários Financeiros,Bancos,Financeiro / Intermediários Financeiros / Bancos,Banco Múltiplo com Carteira Comercial,www.santander.com.br,90400888000142,20532,BANCO SANTANDER (BRASIL) S.A.,BANCO SANTANDER (BRASIL) S.A.,ATIVO,110,110494226.00909092,12154364861.0,1290780,55,True,True,True,4
BPAC11,Bancos e Financeiros,TODO,pending,BCO BTG PACTUAL S.A.,BTGP BANCO,BPAC,Financeiro,Intermediários Financeiros,Bancos,Financeiro / Intermediários Financeiros / Bancos,A Companhia e suas controladas formam um grupo de prestação de serviços financeiros sediado no Brasil. atuando como banco múltiplo. com carteira de investimento. nos termos da legislação aplicável.,www.btgpactual.com,30306294000145,22616,BANCO BTG PACTUAL S/A,BANCO UBS PACTUAL S/A,ATIVO,110,553539494.1727272,60889344359.0,3133713,11,True,True,True,5
PETR4,Óleo e Gás,TODO,pending,PETROLEO BRASILEIRO S.A. PETROBRAS,PETROBRAS,PETR,Petróleo. Gás e Biocombustíveis,Petróleo. Gás e Biocombustíveis,Exploração. Refino e Distribuição,Petróleo. Gás e Biocombustíveis / Petróleo. Gás e Biocombustíveis / Exploração. Refino e Distribuição,Pesquisa. lavra. refinação. processamento. comércio e transporte de petróleo. de seus derivados. de gás natural e de outros hidrocarbonetos fluidos. além das atividades vinculadas à energia.,www.petrobras.com.br,33000167000101,9512,PETRÓLEO BRASILEIRO  S.A.  - PETROBRAS,PETROBRAS,ATIVO,110,2125884661.2545452,233847312738.0,6016355,1,True,True,True,6
PRIO3,Óleo e Gás,TODO,pending,PRIO S.A.,PRIO,PRIO,Petróleo. Gás e Biocombustíveis,Petróleo. Gás e Biocombustíveis,Exploração. Refino e Distribuição,Petróleo. Gás e Biocombustíveis / Petróleo. Gás e Biocombustíveis / Exploração. Refino e Distribuição,A Companhia tem por objeto a participação em outras sociedades como sócia. acionista ou quotista. no país ou no exterior. desde que visando à consecução de atividades relacionadas à energia.,www.petroriosa.com.br,10629105000168,22187,PRIO S.A.,PETRO RIO S.A.,ATIVO,110,782156150.8454546,86037176593.0,4077983,6,True,True,True,7
VALE3,Mineração e Siderurgia,TODO,pending,VALE S.A.,VALE,VALE,Materiais Básicos,Mineração,Minerais Metálicos,Materiais Básicos / Mineração / Minerais Metálicos,Mineração,,33592510000154,4170,VALE S.A.,VALE,ATIVO,110,2024670520.990909,222713757309.0,4929042,2,True,True,True,8
CSNA3,Mineração e Siderurgia,TODO,pending,CIA SIDERURGICA NACIONAL,SID NACIONAL,CSNA,Materiais Básicos,Siderurgia e Metalurgia,Siderurgia,Materiais Básicos / Siderurgia e Metalurgia / Siderurgia,A Companhia Siderúrgica Nacional atua nos setores de mineração. siderurgia. logística. cimento e energia.,www.csn.com.br,33042730000104,4030,CIA SIDERURGICA NACIONAL,CSN,ATIVO,110,106873955.38181818,11756135092.0,1698573,59,True,True,True,9
GGBR4,Mineração e Siderurgia,TODO,pending,GERDAU S.A.,GERDAU,GGBR,Materiais Básicos,Siderurgia e Metalurgia,Siderurgia,Materiais Básicos / Siderurgia e Metalurgia / Siderurgia,Participação e Administração,www.gerdau.com,33611500000119,3980,GERDAU S.A.,GERDAU S.A.,ATIVO,110,255703699.51818183,28127406947.0,2293327,25,True,True,True,10
USIM5,Mineração e Siderurgia,TODO,pending,USINAS SID DE MINAS GERAIS S.A.-USIMINAS,USIMINAS,USIM,Materiais Básicos,Siderurgia e Metalurgia,Siderurgia,Materiais Básicos / Siderurgia e Metalurgia / Siderurgia,Venda de produtos siderúrgicos. como Chapas Grossas. Laminados a quente. a frio. placas. galvanizados. entre outros.,www.usiminas.com,60894730000105,14320,USINAS SID DE MINAS GERAIS S.A.-USIMINAS,USIMINAS,ATIVO,110,113959582.54545456,12535554080.0,1797483,54,True,True,True,11
RECV3,Mineração e Siderurgia,TODO,pending,PETRORECÔNCAVO S.A.,PETRORECSA,RECV,Petróleo. Gás e Biocombustíveis,Petróleo. Gás e Biocombustíveis,Exploração. Refino e Distribuição,Petróleo. Gás e Biocombustíveis / Petróleo. Gás e Biocombustíveis / Exploração. Refino e Distribuição,Exploração e produção de petróleo e gás natural,,03342704000130,25780,PETRORECÔNCAVO S.A.,PETRORECÔNCAVO S.A.,ATIVO,110,46767238.00909091,5144396181.0,982173,107,True,True,True,12
SUZB3,Papel e Celulose,TODO,pending,SUZANO S.A.,SUZANO S.A.,SUZB,Materiais Básicos,Madeira e Papel,Papel e Celulose,Materiais Básicos / Madeira e Papel / Papel e Celulose,Indústria e Comércio de Papel e Celulose,www.suzano.com.br/ri,16404287000155,13986,SUZANO S.A.,SUZANO PAPEL E CELULOSE SA,ATIVO,110,342640706.1818182,37690477680.0,2210130,20,True,True,True,13
KLBN11,Papel e Celulose,TODO,pending,KLABIN S.A.,KLABIN S/A,KLBN,Materiais Básicos,Madeira e Papel,Papel e Celulose,Materiais Básicos / Madeira e Papel / Papel e Celulose,Empresa brasileira de base florestal. Produtora de papéis e cartões para embalagens. embalagens de papelão ondulado e sacos industriais. além de ser recicladora e produtora de toras para serrarias.,www.klabin.com.br,89637490000145,12653,KLABIN S.A.,KLABIN,ATIVO,110,103231594.86363636,11355475435.0,1428200,63,True,True,True,14
LREN3,Varejo e Consumo,TODO,pending,LOJAS RENNER S.A.,LOJAS RENNER,LREN,Consumo Cíclico,Comércio,Tecidos. Vestuário e Calçados,Consumo Cíclico / Comércio / Tecidos. Vestuário e Calçados,Loja de Departamentos (Comércio Varejista),www.lojasrenner.com.br,92754738000162,8133,LOJAS RENNER SA,RENNER,ATIVO,110,231598054.01818183,25475785942.0,2628896,27,True,True,True,15
MGLU3,Varejo e Consumo,TODO,pending,MAGAZINE LUIZA S.A.,MAGAZ LUIZA,MGLU,Consumo Cíclico,Comércio,Eletrodomésticos,Consumo Cíclico / Comércio / Eletrodomésticos,Somos uma plataforma de varejo multicanal.,www.magazineluiza.com.br,47960950000121,22470,MAGAZINE LUIZA SA,MAGAZINE LUIZA SA,ATIVO,110,157393468.64545456,17313281551.0,1881547,41,True,True,True,16
VIVA3,Varejo e Consumo,TODO,pending,VIVARA PARTICIPAÇOES S.A,VIVARA S.A.,VIVA,Consumo Cíclico,Tecidos. Vestuário e Calçados,Acessórios,Consumo Cíclico / Tecidos. Vestuário e Calçados / Acessórios,Participação em outras sociedades. na qualidade de quotistas. ou acionistas; holding de instituições não-financeiras; e agente de propriedade intelectual.,https://www.vivara.com.br/,33839910000111,24805,VIVARA PARTICIPAÇÕES S.A.,VIVARA PARTICIPAÇÕES S.A.,ATIVO,110,106457495.5,11710324505.0,1517939,60,True,True,True,17
AZZA3,Varejo e Consumo,TODO,pending,AZZAS 2154 S.A.,AZZAS 2154,AZZA,Consumo Cíclico,Comércio,Tecidos. Vestuário e Calçados,Consumo Cíclico / Comércio / Tecidos. Vestuário e Calçados,O principal ramo de atividade é a industrialização. o comércio atacadista de couros. lãs. peles e subprodutos de origem animal e a confecção. fabricação e comercialização de artigos de vestuário.,www.arezzoco.com.br,16590234000176,22349,AZZAS 2154 S.A.,AZZAS 2154 S.A.,ATIVO,110,79256134.23636363,8718174766.0,1274200,77,True,True,True,18
ASAI3,Varejo e Consumo,TODO,pending,SENDAS DISTRIBUIDORA S.A.,ASSAI,ASAI,Consumo não Cíclico,Comércio e Distribuição,Alimentos,Consumo não Cíclico / Comércio e Distribuição / Alimentos,Atacadista de autosserviços,,06057223000171,25372,SENDAS DISTRIBUIDORA S.A.,SENDAS DISTRIBUIDORA S.A.,ATIVO,110,133533693.27272728,14688706260.0,2073761,47,True,True,True,19
GMAT3,Varejo e Consumo,TODO,pending,GRUPO MATEUS S.A.,GRUPO MATEUS,GMAT,Consumo não Cíclico,Comércio e Distribuição,Alimentos,Consumo não Cíclico / Comércio e Distribuição / Alimentos,Holdings de instituições não financeiras. participação no capital de outras sociedades. na condição de acionista. sócia ou quotista. em caráter permanente ou temporário. como controladora ou coligada.,,24990777000109,25186,GRUPO MATEUS S.A.,,ATIVO,110,46944068.5,5163847535.0,1031385,105,True,True,True,20
ABEV3,Varejo e Consumo,TODO,pending,AMBEV S.A.,AMBEV S/A,ABEV,Consumo não Cíclico,Bebidas,Cervejas e Refrigerantes,Consumo não Cíclico / Bebidas / Cervejas e Refrigerantes,Fabricação e distribuição de cervejas. refrigerantes e bebidas não carbonatadas e não alcoólicas.,http://ri.ambev.com.br,07526557000100,23264,AMBEV S.A.,AMBEV S.A,ATIVO,110,430897903.58181816,47398769394.0,2784632,14,True,True,True,21
CYRE3,"Construção, Imóveis e Shoppings",TODO,pending,CYRELA BRAZIL REALTY S.A.EMPREEND E PART,CYRELA REALT,CYRE,Consumo Cíclico,Construção Civil,Incorporações,Consumo Cíclico / Construção Civil / Incorporações,Incorporação Imobiliária,www.cyrela.com.br,73178600000118,14460,CYRELA BRAZIL REALTY S.A.EMPREEND E PART,CYRELA BRAZIL REALTY S.A.,ATIVO,110,174601803.46363637,19206198381.0,2287501,38,True,True,True,22
MRVE3,"Construção, Imóveis e Shoppings",TODO,pending,MRV ENGENHARIA E PARTICIPACOES S.A.,MRV,MRVE,Consumo Cíclico,Construção Civil,Incorporações,Consumo Cíclico / Construção Civil / Incorporações,Atividades de Incorporação e Construção,www.mrv.com.br,08343492000120,20915,MRV ENGENHARIA E PARTICIPAÇÕES S/A,MRV ENGENHARIA,ATIVO,110,73658513.64545454,8102436501.0,1385588,84,True,True,True,23
EZTC3,"Construção, Imóveis e Shoppings",TODO,pending,EZ TEC EMPREEND. E PARTICIPACOES S.A.,EZTEC,EZTC,Consumo Cíclico,Construção Civil,Incorporações,Consumo Cíclico / Construção Civil / Incorporações,(a) Incorporação e comercialização de empreendimentos imobiliários de qualquer natureza. (b) administração e locação de imóveis próprios. (c) loteamento de terrenos. (d) construção de condomínios,www.eztec.com.br/ri,08312229000173,20770,EZ TEC EMPREEND. E PARTICIPAÇÕES S/A,EZ TEC EMPREEND. E PARTICIPAÇÕES S/A,ATIVO,110,30662464.654545456,3372871112.0,673780,124,True,True,True,24
MULT3,"Construção, Imóveis e Shoppings",TODO,pending,MULTIPLAN - EMPREEND IMOBILIARIOS S.A.,MULTIPLAN,MULT,Financeiro,Exploração de Imóveis,Exploração de Imóveis,Financeiro / Exploração de Imóveis / Exploração de Imóveis,Administração de shopping centers,http://ri.multiplan.com.br/,07816890000153,20982,MULTIPLAN - EMPREEND IMOBILIARIOS S.A.,MULTIPLAN,ATIVO,110,126434860.51818182,13907834657.0,1780424,49,True,True,True,25
IGTI11,"Construção, Imóveis e Shoppings",TODO,pending,IGUATEMI S.A.,IGUATEMI S.A,IGTI,Financeiro,Exploração de Imóveis,Exploração de Imóveis,Financeiro / Exploração de Imóveis / Exploração de Imóveis,Exploração comercial. adminstração e planejamento de shopping centers (Conforme Artigo 3o. do Estatuto Social),ri.iguatemi.com.br,60543816000193,8672,IGUATEMI S.A.,IGUATEMI S.A.,ATIVO,110,61529735.64545455,6768270921.0,1012244,93,True,True,True,26
CMIG4,Utilities e Infraestrutura,TODO,pending,CIA ENERGETICA DE MINAS GERAIS - CEMIG,CEMIG,CMIG,Utilidade Pública,Energia Elétrica,Energia Elétrica,Utilidade Pública / Energia Elétrica / Energia Elétrica,Concessionária de serviço público de energia elétrica.,www.cemig.com.br,17155730000164,2453,CIA ENERG MINAS GERAIS - CEMIG,CEMIG,ATIVO,110,176554076.6,19420948426.0,2071807,36,True,True,True,27
EGIE3,Utilities e Infraestrutura,TODO,pending,ENGIE BRASIL ENERGIA S.A.,ENGIE BRASIL,EGIE,Utilidade Pública,Energia Elétrica,Energia Elétrica,Utilidade Pública / Energia Elétrica / Energia Elétrica,Realizar estudos. projetos. construção e operação de usinas produtoras e sistemas de transmissão de energia elétrica. bem como a realização de atos de empresa decorrentes dessas atividades.,www.engie.com.br,02474103000119,17329,ENGIE BRASIL ENERGIA S.A.,TRACTEBEL ENERGIA,ATIVO,110,74377046.2090909,8181475083.0,983972,83,True,True,True,28
TAEE11,Utilities e Infraestrutura,TODO,pending,TRANSMISSORA ALIANÇA DE ENERGIA ELÉTRICA S.A.,TAESA,TAEE,Utilidade Pública,Energia Elétrica,Energia Elétrica,Utilidade Pública / Energia Elétrica / Energia Elétrica,Transmissão de Energia Elétrica.,www.taesa.com.br,07859971000130,20257,TRANSMISSORA ALIANÇA DE ENERGIA ELÉTRICA S.A.,TRANSMISSORA ALIANÇA DE ENERGIA ELÉTRICA S.A.,ATIVO,110,84255687.33636364,9268125607.0,893158,73,True,True,True,29
CPFE3,Utilities e Infraestrutura,TODO,pending,CPFL ENERGIA S.A.,CPFL ENERGIA,CPFE,Utilidade Pública,Energia Elétrica,Energia Elétrica,Utilidade Pública / Energia Elétrica / Energia Elétrica,Gestão de Participações Societárias (Holdings),www.cpfl.com.br,02429144000193,18660,CPFL ENERGIA SA,CPFL ENERGIA S.A.,ATIVO,110,101406708.92727272,11154737982.0,994912,65,True,True,True,30
SBSP3,Utilities e Infraestrutura,TODO,pending,CIA SANEAMENTO BASICO EST SAO PAULO,SABESP,SBSP,Utilidade Pública,Água e Saneamento,Água e Saneamento,Utilidade Pública / Água e Saneamento / Água e Saneamento,Abastecimento de água. esgotamento sanitário. drenagem e manejo de águas pluviais urbanas. limpeza urbana. manejo de resíduos sólidos e energia.,www.sabesp.com.br,43776517000180,14443,CIA SANEAMENTO BÁSICO ESTADO SÃO PAULO,SABESP,ATIVO,110,490938097.9,54003190769.0,2330755,12,True,True,True,31
ENEV3,Utilities e Infraestrutura,TODO,pending,ENEVA S.A,ENEVA,ENEV,Utilidade Pública,Energia Elétrica,Energia Elétrica,Utilidade Pública / Energia Elétrica / Energia Elétrica,Empresa atuante na área de energia. em especial no segmento de geração. distribuição. comercialização. exportação e importação de energia elétrica. hidrocarbonetos e seus derivados.,www.eneva.com.br,04423567000121,21237,ENEVA S.A.,ENEVA SA,ATIVO,110,357954692.94545454,39375016224.0,2830347,18,True,True,True,32
RDOR3,Saúde e Educação,TODO,pending,REDE DOR SÃO LUIZ S.A.,REDE D OR,RDOR,Saúde,Serv.Méd.Hospit..Análises e Diagnósticos,Serv.Méd.Hospit..Análises e Diagnósticos,Saúde / Serv.Méd.Hospit..Análises e Diagnósticos / Serv.Méd.Hospit..Análises e Diagnósticos,,,06047087000139,24821,REDE D'OR SÃO LUIZ S.A.,REDE D'OR SÃO LUIZ S.A.,ATIVO,110,311825947.7909091,34300854257.0,2710240,22,True,True,True,33
HAPV3,Saúde e Educação,TODO,pending,HAPVIDA PARTICIPACOES E INVESTIMENTOS SA,HAPVIDA,HAPV,Saúde,Serv.Méd.Hospit..Análises e Diagnósticos,Serv.Méd.Hospit..Análises e Diagnósticos,Saúde / Serv.Méd.Hospit..Análises e Diagnósticos / Serv.Méd.Hospit..Análises e Diagnósticos,Participação. como sócia ou acionista. em outras empresas. predominantemente de assistência médica. bem como a realização de investimentos diretos e a exploração de atividades de prestação de serviços,www.hapvida.com.br,05197443000138,24392,HAPVIDA PARTICIPAÇÕES E INVESTIMENTOS S.A.,HAPVIDA PARTICIPAÇÕES E INVESTIMENTOS S.A.,ATIVO,110,124353137.63636364,13678845140.0,1960175,50,True,True,True,34
FLRY3,Saúde e Educação,TODO,pending,FLEURY S.A.,FLEURY,FLRY,Saúde,Serv.Méd.Hospit..Análises e Diagnósticos,Serv.Méd.Hospit..Análises e Diagnósticos,Saúde / Serv.Méd.Hospit..Análises e Diagnósticos / Serv.Méd.Hospit..Análises e Diagnósticos,(i) prestação de serviços médicos e medicina diagnóstica; (ii) consultoria. assessoria. cursos. gestão de doenças crônicas; (iii) pesquisa e desenvolvimento; (iv) a prestação de serviços a terceiros,www.fleury.com.br/ri,60840055000131,21881,FLEURY SA,FLEURY SA,ATIVO,110,46919296.89090909,5161122658.0,996345,106,True,True,True,35
YDUQ3,Saúde e Educação,TODO,pending,YDUQS PARTICIPACOES S.A.,YDUQS PART,YDUQ,Consumo Cíclico,Diversos,Serviços Educacionais,Consumo Cíclico / Diversos / Serviços Educacionais,Desenvolve principalmente nas áreas de educação de nível superior. nas modalidades presencial e a distância. educação profissional e/ou outras áreas associadas à educação.,www.estacioparticipacoes.com.br,08807432000110,21016,YDUQS PARTICIPACOES S.A.,ESTACIO PARTICIPAÇÕES SA,ATIVO,110,47665549.06363636,5243210397.0,1175886,104,True,True,True,36
COGN3,Saúde e Educação,TODO,pending,COGNA EDUCAÇÃO S.A.,COGNA ON,COGN,Consumo Cíclico,Diversos,Serviços Educacionais,Consumo Cíclico / Diversos / Serviços Educacionais,A Companhia tem por objeto a participação. como sócia ou acionista. em sociedades que explorem a administração de atividades de educação.,www.kroton.com.br,02800026000140,17973,COGNA EDUCAÇÃO S.A.,KROTON EDUCACIONAL S.A.,ATIVO,110,102192311.85454546,11241154304.0,2067597,64,True,True,True,37
EMBJ3,"Transporte, Telecom e Tecnologia",TODO,pending,EMBRAER S.A.,EMBRAER,EMBJ,Bens Industriais,Material de Transporte,Material Aeronáutico e de Defesa,Bens Industriais / Material de Transporte / Material Aeronáutico e de Defesa,Projeto. desenvolvimento. fabricação. comercialização de aeronaves e sistemas e fornecimento de suporte e serviços de pós-venda.,www.embraer.com.br,07689002000189,20087,EMBRAER S.A.,EMBRAER,ATIVO,110,422967676.4,46526444404.0,2452955,16,True,True,True,38
RAIL3,"Transporte, Telecom e Tecnologia",TODO,pending,RUMO S.A.,RUMO S.A.,RAIL,Bens Industriais,Transporte,Transporte Ferroviário,Bens Industriais / Transporte / Transporte Ferroviário,Prestar serviços de transporte de cargas através dos modais ferroviário e rodoviário. dentre outros. isoladamente ou combinados entre si de forma intermodal ou multimodal. entre outros.,www.rumolog.com,02387241000160,17450,RUMO S.A.,ALL - AMÉRICA LATINA LOGÍSTICA S.A.,ATIVO,110,198346523.4181818,21818117576.0,2216089,31,True,True,True,39
VIVT3,"Transporte, Telecom e Tecnologia",TODO,pending,TELEFÔNICA BRASIL S.A,TELEF BRASIL,VIVT,Comunicações,Telecomunicações,Telecomunicações,Comunicações / Telecomunicações / Telecomunicações,Prestação de serviços de telecomunicações. exploração de serviços de valor adicionado e soluções integradas.,www.telefonica.com.br,02558157000162,17671,TELEFÔNICA BRASIL S.A.,TELEFÔNICA BRASIL,ATIVO,110,195024880.7,21452736877.0,1740832,34,True,True,True,40
TIMS3,"Transporte, Telecom e Tecnologia",TODO,pending,TIM S.A.,TIM,TIMS,Comunicações,Telecomunicações,Telecomunicações,Comunicações / Telecomunicações / Telecomunicações,,,02421421000111,24929,TIM S.A.,TIM S.A.,ATIVO,110,151736029.43636364,16690963238.0,1524908,42,True,True,True,41
TOTS3,"Transporte, Telecom e Tecnologia",TODO,pending,TOTVS S.A.,TOTVS,TOTS,Tecnologia da Informação,Programas e Serviços,Programas e Serviços,Tecnologia da Informação / Programas e Serviços / Programas e Serviços,Prestação de serviços de consultoria. assessoria e desenvolvimento de sistemas informatizados (software). atividades de pesquisa e inovação tecnológica. prestação de serviços relacionados à gestão.,www.totvs.com.br,53113791000122,19992,TOTVS S.A,TOTVS S.A,ATIVO,110,227615060.8181818,25037656690.0,2184158,28,True,True,True,42
